amzn,tsla,2.021599870789235,60932.94897616451,29.2218002767468,15.777777777777779,9,0.0805904344655409,-0.07600217337076888,0.806793983615514,0.5127018250217213
amzn,mcd,2.2396293164784873,60138.7329404825,58.171383441779966,51.57142857142857,2,0.16112645155651617,-0.0611148652432599,0.26986998320096783,0.2593531049554611
amzn,hd,2.6572792378068515,76541.78149883062,61.40963144889905,58.857142857142854,2,0.08509725367804712,-0.0996392153627818,0.0028000960450368763,0.1679805371895519
amzn,low,1.7469681033771682,49850.04551851856,37.044873222486885,52.714285714285715,2,0.09973248533448764,-0.08480389577315718,0.11261531091793071,0.1927540590515876
amzn,nke,0.9861483656918272,29730.784963231778,20.039453528577805,49.92857142857143,2,0.07581780770001059,-0.07402762960669657,0.20661889839520708,0.1456395391358124
amzn,sbux,0.7818012106425726,21575.051076642027,23.78484965773887,161.0,1,0.12516271035621485,-0.08095636964785449,0.1651101498709707,0.12516271035621485
tjx,amzn,1.8065764531973718,27397.251066443576,33.510457310638905,61.42857142857143,1,0.1467774082263231,-0.10355993995679523,0.3611438733772247,0.14677740822632307
amzn,tgt,1.4928593733279283,43831.60913962465,25.433119219585258,34.607142857142854,4,0.06737141256998522,-0.08281956576797397,0.46162369135435966,0.2579992004867376
amzn,bkng,17.84009660857233,541818.1049914389,418.57666184601936,53.92857142857143,2,0.10727358157995735,-0.06253762681569996,0.039505126902045926,0.19425035746054067
tsla,mcd,1.1533353994475237,58953.90392112395,78.9026958229375,58.92857142857143,2,0.14918100552895786,-0.1826189602461689,0.24532988169920805,0.29789277836409517
tsla,hd,1.3712254719444055,75218.54023706709,90.42627261117487,52.714285714285715,2,0.13411424500374675,-0.16734015153063037,0.04135733993348086,0.25591204665941647
tsla,low,0.8996408349485497,48926.13452218144,56.32339668626213,140.0,1,0.13064350125924773,-0.15697738032149863,0.00731634987873996,0.13064350125924773
nke,tsla,2.143846878008834,60017.729619567035,62.25241630497843,53.07142857142857,2,0.12870015674914953,-0.1542153969137588,0.05177977123703287,0.23425760838382353
sbux,tsla,2.8123381648004036,55634.246425056306,82.48829896368414,134.71428571428572,1,0.15293798773945533,-0.19021375967934565,0.3308184056149044,0.1529379877394553
tjx,tsla,3.716112020369372,53528.955065665374,86.69443051624029,43.142857142857146,1,0.16811611036225552,-0.1998395863030072,0.5240613042033763,0.16811611036225552
tgt,tsla,1.3907304918538488,57831.26360794596,49.3610612413168,25.142857142857142,3,0.13556378862078844,-0.10994325844259774,0.37142239820651374,0.32917287538274875
tsla,bkng,9.208981715421341,533023.0519951727,609.6612777944819,64.57142857142857,2,0.12923530142966888,-0.11009877458710558,0.00048485295726227896,0.24720548302080092
mcd,hd,1.1939666304536325,65001.8010100885,18.379827428456178,19.17142857142857,5,0.07827821604900483,-0.040916297679084064,0.14311105978457797,0.19672890023611855
low,mcd,1.2762656297413992,53894.02694264651,20.099330410184656,27.9047619047619,3,0.06337275778490609,-0.06065022958812335,0.006572998395192033,0.1499229805227
nke,mcd,2.2737734840011945,57674.93193544203,33.56784031784099,59.0,2,0.12344880019225211,-0.05146790514872306,0.0024446005274684885,0.1953119404581409
sbux,mcd,2.9078404454303595,52324.87479075095,23.915024714889135,45.666666666666664,3,0.055278253648201894,-0.05805381856406448,0.4202608500003398,0.1569243386347899
tjx,mcd,3.821725940012047,50014.080798272924,22.90004642029787,35.476190476190474,3,0.0492669015708297,-0.04528595016867982,0.583536835172889,0.14250473306010897
tgt,mcd,1.5022671070824352,55914.46288655794,49.18998738057262,33.761904761904766,3,0.10066216677225129,-0.11477426274301378,0.09446820293619841,0.29044031365602085
mcd,bkng,8.042795271430753,465018.32217461837,229.88952570656906,65.66666666666667,3,0.13646436352390603,-0.03521853619502732,0.025384619408544504,0.2470309528961315
low,hd,1.5172332245016904,69199.43693078493,10.191923598765788,26.666666666666668,6,0.03355605949106769,-0.010816315131563876,0.7309153294643661,0.127517328040974
nke,hd,2.6980556985395183,73622.32042604018,28.085175244799782,30.892857142857142,4,0.0720391312009454,-0.04037932133079611,0.41886435399761934,0.20822498028925374
sbux,hd,3.4657071667811445,67416.76445180418,28.880599301966722,37.07142857142857,4,0.06382388902318456,-0.041298960760637556,0.3701957466932047,0.19690904391489872
tjx,hd,4.5586824632661465,64687.14242943118,30.43830397276518,139.71428571428572,1,0.08815160090809192,-0.04350971850640809,0.34473176591806015,0.08815160090809192
tgt,hd,1.7820118786607093,71521.55285289657,49.041164160092755,55.0,1,0.11077581772341663,-0.08301877380966628,0.10383229994170914,0.11077581772341663
hd,bkng,6.730680512242364,498507.5571350501,174.46300514030415,28.19047619047619,6,0.06343881884454956,-0.04145722940033453,0.3943640665447656,0.26329643838462585
nke,low,1.780004508121456,48019.87468165299,18.97059432856579,24.82857142857143,5,0.06373483765623045,-0.054557872681466606,0.3666029489286561,0.23184308348664381
sbux,low,2.286580892904479,43927.05312051525,20.538294708802084,27.80952380952381,3,0.051202658110829975,-0.06057605524182403,0.25227522582266465,0.15068461413020445
tjx,low,3.0102320656565524,42142.63142798883,23.01847388809291,143.42857142857142,1,0.07719311826555729,-0.04641763381857989,0.1436614700219261,0.07719311826555729
tgt,low,1.1729340652908495,46578.110410079964,29.551837186221363,55.0,1,0.08123509160429114,-0.10784651013822627,0.26791589035982954,0.08123509160429115
low,bkng,10.211975827465587,493104.9308713039,187.4061174742826,20.404761904761905,6,0.074047106166961,-0.05786125784689699,0.2923033978379734,0.2883958995919409
sbux,nke,1.2991738360942575,26466.04981021602,16.960741251170816,91.42857142857143,1,0.08644679001646247,-0.04641827741430864,0.04031441462197378,0.08644679001646248
tjx,nke,1.710710959637193,25454.650666264293,18.302771259774918,123.71428571428571,1,0.12839916288284167,-0.048439219577206365,0.010486203476584185,0.12839916288284167
nke,tgt,1.53515399489522,42468.9627599568,22.792052394463525,44.047619047619044,3,0.0761226327822757,-0.07681041943023928,0.39148354940071206,0.20271355734276314
nke,bkng,18.05489462573269,521373.7987870588,132.39343254924643,27.452380952380953,6,0.04735398920062794,-0.03688574951236607,0.7051710464231845,0.22748286447947008
tjx,sbux,1.316784019557424,17928.187691945353,4.342686969709224,11.107142857142856,12,0.047866064905914246,-0.030447210687496448,0.8391344893466012,0.3596784305063474
sbux,tgt,2.0017290425816565,39216.75207031837,38.95504414131384,68.0,1,0.11143119028742501,-0.1297650036305974,0.03993774672779001,0.11143119028742501
sbux,bkng,23.347044276858554,481298.6729294553,265.505872523705,53.904761904761905,3,0.09917040986814264,-0.05941581553664798,0.121933616865653,0.2205587336286024
tjx,tgt,2.6351827187085783,37654.310832145435,40.336730641350876,55.0,1,0.14007295229557776,-0.07226471052322593,0.0653637709969461,0.14007295229557776
tjx,bkng,30.70149674480614,462855.1571877205,274.93128514311724,83.92857142857143,2,0.14394762391243926,-0.04430286354311459,0.10804879288080227,0.20464354895773645
tgt,bkng,11.941030448274491,507646.4828753531,310.0645569567977,41.5,2,0.14371869120866904,-0.04005293619107402,0.22843393100513848,0.2065419464318287
pg,pep,1.1887482184253508,35772.187773646685,11.525020506798805,70.14285714285714,2,0.06625766052234837,-0.03733638995543793,0.02227149529900632,0.09838817767898791
ko,pg,2.3512504137280588,30586.832822484088,5.263496438933344,18.80952380952381,6,0.05104514347216619,-0.012771543931838332,0.64891842827815,0.13901449321905196
pg,cost,3.5035382157887187,107734.85855640045,35.84404268470762,30.07142857142857,6,0.050368027696495093,-0.04488915156453943,0.21536499147020116,0.23421218669056906
pg,wmt,0.9571448774537341,29178.38225829274,9.044356224806297,24.54285714285714,5,0.050639040892433394,-0.026109019908893603,0.27811767618886507,0.19631941155691535
pm,pg,1.4848183655854608,32628.465755592315,7.341525421573779,30.28571428571429,3,0.029777933739534787,-0.03515130638436295,0.398970772975085,0.07818357072763943
mo,pg,3.0791784608476935,31774.14721556544,9.712021271540982,25.285714285714285,7,0.0426301368072241,-0.030335094306837396,0.4542948585005456,0.24394915112085017
cl,pg,1.8885187885492412,30956.51347153754,6.360705613960443,37.42857142857143,5,0.03665217125320595,-0.020840884869979308,0.46553423030983654,0.11403995068228337
adm,pg,1.6864983639620323,28910.331123785712,12.47225090391261,25.485714285714288,5,0.11088459758001189,-0.0595871590480691,0.033835908871095846,0.29562689151740845
ko,pep,2.789859117400943,34063.67971168897,7.825129292400601,40.57142857142857,2,0.024474000346247606,-0.039990882446316614,0.13291277263350282,0.04554195967679173
pep,cost,2.9562900354483514,101213.18346635344,41.57188547954641,31.821428571428573,4,0.05380875826261091,-0.050657789787556126,0.005227702300164452,0.2013403719487499
wmt,pep,1.2445448628309548,34010.235972273906,11.171238797191842,51.14285714285714,3,0.05571865273660265,-0.03352675644763179,0.20853299211161608,0.13905186937677932
pm,pep,1.7627207804042333,36496.4720691407,11.279400041531453,34.971428571428575,5,0.0789929992407768,-0.02995281644105058,0.020931807718530003,0.21770544771473097
mo,pep,3.6630858535142625,35521.196701734545,18.240565183493533,115.28571428571429,2,0.09161285158319747,-0.04181959908401034,0.035798547624500285,0.14341556170365086
cl,pep,2.2401835506806034,34497.37355196886,7.963892072262369,27.0,2,0.026364615837300133,-0.03360779802703174,0.0919038744216348,0.05019612037233758
adm,pep,1.9965520945142534,32039.60167677493,10.52080867453161,18.448979591836736,7,0.05047407957356687,-0.04686807042935636,0.3089433923426925,0.27497641535879386
ko,cost,8.232333246237946,102761.01231616372,36.13090605757343,28.857142857142854,5,0.05086406049118209,-0.049646576591214873,0.12252715404788943,0.21350135862502365
ko,wmt,2.2501131428335244,27826.32646063227,10.156908066310363,60.476190476190474,3,0.07258343347782997,-0.03180839835128447,0.06708732755388773,0.14801581060696462
ko,pm,1.5858410810568537,21039.350697041074,4.060394192981701,12.595238095238095,6,0.08421716499178254,-0.02885529309842786,0.4861749988856533,0.1775948191324486
mo,ko,1.3118003207911555,12925.285656733038,5.088617512818571,46.42857142857143,4,0.052522685826022174,-0.025021590703819496,0.17517259956031514,0.16081838353374614
ko,cl,1.2456283530663548,15649.001071624303,1.473288509149264,5.788571428571429,25,0.014540543585483947,-0.023915987673861532,0.7810111824093217,0.16750747857297507
ko,adm,1.4030597011768047,16361.283414902955,6.730445824951903,33.964285714285715,4,0.0679349394906963,-0.0622218526230429,0.026431047493156914,0.18612482101007408
wmt,cost,3.6687653905541673,102552.76827214709,36.175228122170275,29.4,5,0.04741038121273028,-0.048511855500328147,0.2802351378405848,0.19266977749351438
pm,cost,5.2059493050959675,109990.13441434046,48.55323622631044,34.65714285714286,5,0.06254406780254691,-0.06481665648695333,0.0008008584997910284,0.26471496334608824
mo,cost,10.784601947195135,106936.57608833624,48.250790316063075,33.32142857142857,4,0.07222184536062456,-0.08170347130407096,0.12246846728193207,0.22864360696122074
cl,cost,6.610366807375631,104040.91370547863,36.26834392536244,29.071428571428573,4,0.05936298263141433,-0.045767649731613305,0.11049073193085726,0.18615905225438048
adm,cost,5.897506492713264,96834.81046565746,47.43561015220007,48.892857142857146,4,0.07592867200792057,-0.05903957547776941,0.04108066983740159,0.23885615371565147
pm,wmt,1.421526575866971,29786.597527639766,11.952392542990417,34.82857142857143,5,0.0638985746380235,-0.05480681773872502,0.0196193293609038,0.2355152260210526
mo,wmt,2.9447994534054316,28952.67904226706,12.069021167068081,12.742857142857144,5,0.07744707980559985,-0.04632840898956689,0.20079271054932535,0.26399482735245855
cl,wmt,1.8076147524790909,28182.712855924474,11.085082517136716,56.76190476190476,3,0.05420879855232159,-0.040686614750611944,0.0032938945335115578,0.1332639726187554
adm,wmt,1.6076810564978996,26173.90565397735,8.723665535862711,16.095238095238095,9,0.06507185783365689,-0.040059204384106595,0.3942789923436183,0.37913491497917656
mo,pm,2.0785637285495717,21849.167752614012,8.128620984781291,64.07142857142857,2,0.06196986272969179,-0.04125819203444438,0.198151976655505,0.09713429134384083
cl,pm,1.2737106886637872,21288.42574278492,4.647041978119689,14.053571428571429,8,0.07091913780520985,-0.04284403361712085,0.33407431371969437,0.219607560181116
adm,pm,1.137860956172895,19911.463202661602,9.072082528021841,35.392857142857146,4,0.15248771238403175,-0.056194613236732,0.00048315071982133823,0.2874511640684301
mo,cl,1.63489828760843,16296.623505219113,7.024687375746432,52.952380952380956,3,0.05973709955917827,-0.04455643485246082,0.03826568950983796,0.14102689889918754
mo,adm,1.8368756451948531,17066.91971837645,8.303732016054711,54.42857142857142,3,0.0879530947499982,-0.05167244254287415,0.10829715450685064,0.199020899359641
cl,adm,1.1269358287113662,16581.895193515862,7.096921025901429,28.314285714285717,5,0.081017088651044,-0.07389633161762531,0.00038761510853755704,0.2616882697661619
bac,jpm,3.5514860486442936,31535.332656113536,9.218774602275474,53.714285714285715,1,0.02734197187922792,-0.04170292310157486,0.47762227711293814,0.02734197187922792
wfc,jpm,2.8175154248040513,30963.122486297245,7.91953082154986,42.5,2,0.04076120212623377,-0.04851659427517479,0.517122592478786,0.06501371960046595
schw,jpm,1.6960167755175104,29805.673164626478,8.439592976084521,24.02857142857143,5,0.03314257560857197,-0.03915775167967513,0.5871520985008561,0.1521199627867011
jpm,gs,2.6489371599330274,75079.45124072154,21.330466208216684,36.68571428571428,5,0.0640637901515349,-0.020688339893270957,0.4966019705218982,0.18677939030927132
ms,jpm,1.4655698310332297,29311.73276263469,7.0732049931513705,34.6,5,0.035398682602619164,-0.018955422778289793,0.590543486785818,0.147372792839467
jpm,spgi,2.8327866466182092,81331.22078075798,30.269755180225744,23.4,5,0.057532672299597645,-0.03433994644318393,0.2506664435217403,0.21853418371046432
jpm,blk,5.37597292496193,158023.86279478567,35.01513136164416,18.904761904761905,6,0.04005613218363469,-0.04046729726971817,0.6848226182143314,0.16710594060055303
jpm,cb,1.6274108583289433,45063.39295804831,10.418341460205841,17.612244897959183,7,0.08863637593402605,-0.022946401835174424,0.6801567576847856,0.24218110931520562
bac,wfc,1.2606900334467492,11430.954049203156,1.6411894390961774,17.46938775510204,7,0.007825712744264081,-0.02802542827876531,0.8728070982214642,0.04895853844761065
bac,schw,2.10240393440772,18344.543082082415,6.680711003930726,19.821428571428573,4,0.05780186564662062,-0.052365580767197106,0.3620388439493011,0.17511004158010382
bac,gs,9.408364221562636,78370.8968869409,34.02172405230537,80.42857142857143,1,0.09484322410890877,-0.045054751946348726,0.11177463875591194,0.09484322410890877
bac,ms,2.4296980766505842,20876.842038514762,7.678906898333416,45.642857142857146,2,0.05799076832445427,-0.04715091614044794,0.2288622263218013,0.09171466884152595
bac,spgi,10.025111524153926,84683.87868575429,26.144039460711472,25.547619047619047,6,0.08252876337139753,-0.03348272811259622,0.458085375434235,0.2672089259834121
bac,blk,19.082064190447674,164648.186324469,56.951559812616836,24.428571428571427,4,0.06144416298561749,-0.04244991244985793,0.35293640595387216,0.19614728335242138
bac,cb,5.780274468342211,47086.07728704634,19.03563465292199,22.333333333333332,3,0.12008339027694516,-0.03889664470693298,0.14652348706060514,0.2034722173535165
wfc,schw,1.6667702656636414,17999.414637058573,5.6360379610170614,19.816326530612248,7,0.046548374284024106,-0.049540118359044864,0.46906538368076434,0.22929632529715932
wfc,gs,7.453636226922018,76796.98546461803,25.77749281748196,61.57142857142857,1,0.0812344082141027,-0.051470222674362985,0.25957651610137017,0.08123440821410269
wfc,ms,1.9252351302116528,20472.307232886677,5.478500264383063,24.785714285714285,4,0.04219516462093604,-0.04182857452713785,0.4195334234048444,0.13082415853348886
wfc,spgi,7.955416069320692,83080.72786847435,24.444748885832766,28.833333333333332,6,0.0647328479961788,-0.03598991550589807,0.4069207795203677,0.2281425796264804
wfc,blk,15.134201341444468,161549.8369341137,48.294184793371976,15.785714285714285,6,0.05367461806259986,-0.054539693930411914,0.4136549552985473,0.24799955208183636
wfc,cb,4.584208720569609,46146.455371754535,16.273384193233106,37.38095238095238,3,0.10524688749663343,-0.044936206562974576,0.1413496631025396,0.17904953676341162
schw,gs,4.485251993163852,73722.03286965357,25.643462796138532,29.61904761904762,6,0.045665684702990234,-0.0520774554421526,0.45220218810076623,0.2376229427442457
schw,ms,1.1593195236970684,19684.99883128128,6.3417075924913995,30.17142857142857,5,0.04626928896795973,-0.0375251501167523,0.4937239618837345,0.1722032873844012
schw,spgi,4.800366701743204,79912.5706482949,35.286299917106355,35.542857142857144,5,0.05967571969604647,-0.0408676665232287,0.20320749684462713,0.24615214380723066
schw,blk,9.106828088390035,155304.31569001405,47.500226839748194,24.57142857142857,6,0.0534669629834179,-0.046367266407692,0.5525618794994402,0.23536416883234657
schw,cb,2.7594915624703993,44263.28614692591,16.567175848496927,31.464285714285715,4,0.08491335131862503,-0.045516584015336876,0.3918539732746917,0.20824226948869382
ms,gs,3.871694313868573,72375.9258901728,14.693340145836677,27.19047619047619,3,0.05179399902358223,-0.037077555492947896,0.6840859865373355,0.10261225033901632
spgi,gs,0.9405956513551932,71096.5075012492,31.273202282861675,51.57142857142858,3,0.048877913733214866,-0.06419547039831013,0.0972240029267522,0.14386539673264803
gs,blk,2.0339884815138176,147694.1011073584,38.36437054530819,26.69047619047619,6,0.03902413725877629,-0.04198959865855629,0.6004730364249571,0.17401262779054416
cb,gs,1.6297056006112816,68223.18097689215,21.236257746739486,25.0952380952381,6,0.05095241728429983,-0.049084107093702846,0.3536378385551943,0.23408430293495838
ms,spgi,4.140967779051553,78445.4553150276,26.1888840723682,47.285714285714285,2,0.04123949275377434,-0.0662178717029229,0.30436849268620747,0.07813281776168901
ms,blk,7.865745040643819,152616.4272621806,34.379790565924836,13.634920634920634,9,0.03675584685415072,-0.046800688947888955,0.6717638249912721,0.26312761869389795
ms,cb,2.3830743857825323,43445.414790497714,12.873982614575224,21.035714285714285,8,0.053262680497925395,-0.031576547489339093,0.3145431078242017,0.3067747507016171
spgi,blk,1.9058173289118603,149821.2215667145,42.92979198497726,43.92857142857143,2,0.03803701934981408,-0.038934753591242786,0.5292023753672518,0.07006052476434352
cb,spgi,1.7430022855434917,74002.90760450743,30.829671619826673,39.08571428571428,5,0.0462982802400648,-0.04021282205165839,0.0870463192010936,0.2195198195679803
cb,blk,3.3103031330952124,144167.21971637214,44.72738260027885,24.38095238095238,6,0.06627927060794496,-0.043098132814825385,0.4445684841956937,0.2591585541082281
jnj,unh,2.9738512082538584,96952.05985496065,26.144604652088262,34.82857142857143,5,0.035293756624319626,-0.027647297131584224,0.05356572636792594,0.1530398725419947
lly,unh,1.6109326356619185,86370.51525085379,44.87839650087629,48.714285714285715,2,0.10082580062613995,-0.0584883478557011,0.20115354070547806,0.19826928647313205
pfe,unh,10.533909935226593,99130.63839523363,37.245909678741825,45.333333333333336,3,0.05169352747534131,-0.04479128288405293,0.03711595364635699,0.13096548556751125
abbv,unh,3.412424964387572,96771.5730223644,33.6068936183653,35.67857142857143,4,0.038625165229545455,-0.04684242301749816,0.02501197030753722,0.14946256470399477
mrk,unh,5.531463846759349,89647.95163960563,57.60210904508506,49.214285714285715,2,0.06733998874977633,-0.09307783886253415,0.032526669892874005,0.13259921973650998
unh,tmo,1.0786938556066132,105455.27776789715,35.186053674954884,13.946428571428571,8,0.04547582872446442,-0.06386654270947315,0.012094402574911832,0.3047770140237076
abt,unh,4.694210342330398,104378.98796100693,43.249315880364094,49.857142857142854,4,0.08854886015643236,-0.05278140000754126,0.07845312790880546,0.21906512041915477
bmy,unh,6.943769293280946,94078.59135440405,25.58548197533719,28.342857142857145,5,0.033838686745684986,-0.049360664192653905,0.13814531050813172,0.15439915566810683
dhr,unh,1.9220700778433253,99231.94434199712,28.964049572126097,18.698412698412696,9,0.056753723567552726,-0.05198757942688947,0.1398420508949084,0.3367382944240946
jnj,lly,1.8605025582812833,55331.658474059695,32.26364661890962,90.71428571428571,1,0.11912193244966256,-0.03294002568436322,0.008123387409095505,0.11912193244966256
pfe,jnj,3.540766316348367,34126.13172407692,7.545171537845394,11.226190476190476,12,0.04165029054870667,-0.031677818441081244,0.6207839828848211,0.30145705265506967
abbv,jnj,1.1473475079247846,33337.935826301116,6.766755197113021,21.836734693877553,7,0.03298943781116584,-0.03527787862881574,0.4949150409213596,0.16272419805924038
mrk,jnj,1.8629456321226312,30966.688236051268,19.572127561986896,103.14285714285714,1,0.08539596740918899,-0.06768733737970255,0.011178729190948708,0.08539596740918898
jnj,tmo,3.2026042652951134,107930.29486064616,32.19627831618591,17.107142857142858,8,0.04459683270478364,-0.036814932712584986,0.013192499525030165,0.30252955435718293
abt,jnj,1.57739038962242,35884.4725959717,9.672484995598111,27.17142857142857,5,0.062052999407174514,-0.02476352286907901,0.1578836191003055,0.1930252206961826
bmy,jnj,2.3363418828866167,32443.690521068565,5.727461805819655,15.126984126984127,9,0.04214104207831506,-0.022031684729141097,0.44885263729280006,0.19797792056559468
jnj,dhr,1.5512988479315153,52932.07896390336,18.29741244901265,21.77551020408163,7,0.06735487247240268,-0.051176898774828956,0.009683096992556721,0.33079807568017316
pfe,lly,6.5993665183190675,56739.58259150407,39.80430832759528,100.42857142857143,1,0.1338349143737101,-0.033083905610503304,0.01470565398976797,0.1338349143737101
abbv,lly,2.132816094789583,55188.76518985131,31.882741779227004,38.857142857142854,2,0.121337285124085,-0.0378077416314781,0.05870311509821553,0.18079969942927676
mrk,lly,3.430817644829403,50534.00232320348,15.312170795876357,25.54285714285714,5,0.035462308946437364,-0.06038733561755438,0.8133505917636256,0.1633309808162237
lly,tmo,1.7386655340983004,96627.41928405288,62.418195437141904,59.76190476190476,3,0.128017849900433,-0.08479591666051048,0.004280475997576136,0.27686724276060604
abt,lly,2.9433331444736517,60057.61868239758,44.61034769883905,85.92857142857143,2,0.18614362467622048,-0.05363881645026074,0.2970259875803463,0.26552177356349194
bmy,lly,4.33925687709013,53500.883564135554,28.27499218653656,92.42857142857143,1,0.08350531321897436,-0.05778553426190461,0.17770437896639468,0.08350531321897435
dhr,lly,1.2043708784150808,56808.923160066,37.991095205635126,53.8095238095238,3,0.14546150790804407,-0.04412501826876371,0.02205445115169503,0.3082218267594646
pfe,abbv,3.0902629718805423,29709.728713947356,8.369001806655996,18.26530612244898,7,0.05319139751252351,-0.04158056133778563,0.3509728556064942,0.22035175971151927
pfe,mrk,1.9279356642913823,17146.335584333472,12.67823644626649,124.71428571428571,1,0.08974840823262005,-0.08553413247180232,0.014946957918424354,0.08974840823262005
pfe,tmo,11.337249373487824,110242.27516187864,38.34023700697064,24.17142857142857,5,0.05666036023930389,-0.06119766061598,0.09693989074026747,0.2115035977658272
pfe,abt,2.2503007252279983,23236.85532820466,6.670280709166793,12.326530612244898,7,0.05442751822247385,-0.037656216241661634,0.2860188392015259,0.22411522942718964
pfe,bmy,1.51775598766347,14208.136330067933,4.538595137899588,16.214285714285715,8,0.033940278301085924,-0.04253994759429209,0.1896380791030318,0.23881136131438174
pfe,dhr,5.491269034360928,54050.28063639742,20.651562300391195,27.657142857142855,5,0.05395260887906232,-0.04748874145784432,0.03735439655174683,0.22455115666589953
mrk,abbv,1.6241942958166649,26939.079665446472,16.017543150513756,48.42857142857143,1,0.08062641280713242,-0.047755347794094974,0.11191846967751337,0.08062641280713242
abbv,tmo,3.673390440923239,107713.83496323987,36.25355143466314,12.6984126984127,9,0.08272834622933155,-0.045243570617514675,0.049698159512726096,0.4055960969969424
abt,abbv,1.3762079970146577,31238.441488362678,9.125397058291414,23.476190476190478,6,0.06540615213130212,-0.03509795977021766,0.19555060632800766,0.2141085950104858
bmy,abbv,2.0395800979962377,28244.710376732553,8.014876214107062,17.122448979591837,7,0.039189177160236496,-0.04157495409836908,0.1914666511076612,0.21735815680160278
abbv,dhr,1.7795337039357948,52830.0172632459,20.25084495248098,22.357142857142858,6,0.07526179726950494,-0.05815195296979263,0.0022141113236256887,0.30305313661503075
mrk,tmo,5.961504571814532,100099.2052998054,66.4748855044847,48.285714285714285,2,0.09316028879665066,-0.07912698557430134,0.0014272192180248423,0.16312764126735094
abt,mrk,0.8589186940310597,18104.169575820284,13.301403333435621,56.714285714285715,1,0.1456935062184929,-0.040013882467351033,0.11512320837572199,0.1456935062184929
bmy,mrk,1.2674805905112099,16198.918413028323,9.537014302016994,91.42857142857143,1,0.05459993143769785,-0.08742508288345943,0.14586048164003798,0.05459993143769785
mrk,dhr,2.8912893057827262,49166.494033095005,36.28481913015158,50.07142857142857,2,0.10728192870365234,-0.09124013383125092,0.06003138961976452,0.1919025439666385
abt,tmo,5.040957424068175,115754.12777332308,27.125023648681623,22.0,7,0.05527200202001247,-0.03632108066618165,0.3714538508195756,0.213451373639585
bmy,tmo,7.481686858074232,104861.35068865959,36.58968532750196,24.023809523809522,6,0.05214088177206093,-0.06503164321476335,4.793106203084534e-05,0.25911898612685497
dhr,tmo,2.067084168065812,110308.9518392442,19.65355588104541,45.57142857142858,3,0.02657994398325469,-0.01555232083023452,0.5965255420439749,0.0673075117700954
bmy,abt,1.4868839965433742,22181.36840299842,8.282478297818255,30.714285714285715,4,0.09950178611366757,-0.04083217057467949,0.002457443430085607,0.20891818711152116
abt,dhr,2.442193657004717,56726.959927259886,16.6986361578136,44.82142857142857,4,0.04333431018963754,-0.028111618126785896,0.16271509278991456,0.14761230773400938
bmy,dhr,3.624490817749457,51448.632149679484,20.507771112495156,27.357142857142858,6,0.057284488511521875,-0.03845127074304198,0.04223339793206885,0.2779204712823755
rtx,hon,2.0455955099053784,38009.903338551056,10.838501171202788,34.457142857142856,5,0.045599824087240795,-0.03822948283850276,0.3777961146918252,0.1692526694513766
rtx,unp,2.3375802037261546,47326.72775689863,18.65652916010963,25.142857142857142,4,0.06770134472682346,-0.03408341113303944,0.16103596525734074,0.18818376259055905
rtx,ups,1.9552777541666664,39550.36755660532,13.726351197455605,23.833333333333332,6,0.06671856476390611,-0.042945586401681474,0.17119490961791553,0.25595427083199396
rtx,lmt,4.670655126215276,83151.77960417785,21.591548036399253,26.97142857142857,5,0.0627292900144314,-0.04197438087339301,0.4497097576415311,0.17182703670085903
rtx,cat,2.210690500945357,40610.76512770451,18.710893223233533,31.428571428571427,2,0.05034793188537552,-0.06953909200906347,0.5319196325643224,0.09526702923729227
rtx,de,4.007883862695109,76280.67964403582,32.74010537201753,30.952380952380953,3,0.05398792364874797,-0.0635245380501157,0.36859387970970103,0.15371334250199262
ge,rtx,1.522932109093697,21186.356551598037,11.358184842629322,27.71428571428571,3,0.09980937313435252,-0.08197009551764912,0.5101539775534844,0.23411694745949277
rtx,noc,5.05383396898525,87708.44003521517,42.860824629777845,75.0,2,0.0867103957037589,-0.05528992473496373,0.0001442249511524894,0.13977631118764267
rtx,ba,1.74585329269537,37992.5953538366,21.996892930435187,24.357142857142858,4,0.13507631626044625,-0.05992397488732432,0.4741997669209464,0.3122998673554236
hon,unp,1.1476056628050442,46567.33615896832,25.310686902008573,55.42857142857143,1,0.08477058010434305,-0.036049422255633734,0.0005456363317996869,0.08477058010434305
ups,hon,1.0524541132505563,40765.0570240477,19.584593432648397,49.714285714285715,2,0.08507144815493534,-0.04112056781035345,0.0025835331766108876,0.14400282054198776
hon,lmt,2.285753252977436,81499.44041505155,17.081417270336306,9.0,15,0.04625369579234308,-0.043946976357740856,0.6937130659290616,0.42095519475528137
hon,cat,1.0809770264028289,39811.84482572094,15.300450843793785,29.285714285714285,4,0.043236988425644954,-0.06368065781284989,0.7156386146082131,0.15839666009399062
hon,de,1.9590622013442855,74819.20672257402,25.08935463788737,39.464285714285715,4,0.0606600986932313,-0.037215584114262,0.6531327895011754,0.17764851007793506
ge,hon,3.1104123047805388,42557.194709950454,23.819975268362384,92.57142857142857,2,0.11480288368052508,-0.08125343030543973,0.3819514702798611,0.16957833952992904
hon,noc,2.4710454946166194,85878.98968880967,34.65975737039961,19.5,6,0.07231936543623971,-0.058300265302739,0.20440886111413636,0.3166647508356747
hon,ba,0.8550696415654111,37387.513093032016,22.41127967577988,40.285714285714285,3,0.1820558775605981,-0.06242757552375303,0.3588658106256946,0.3026691807225808
ups,unp,1.1956666185190254,50327.67215187097,9.345860555381991,16.122448979591837,7,0.025988169577224215,-0.030328654784854813,0.7775419417352583,0.14374158517084232
unp,lmt,2.0148652349440557,89651.36497275447,50.54425368905588,46.92857142857143,2,0.1294161299890224,-0.0497188690089589,0.006357013155594632,0.18750343504491646
unp,cat,0.955894102536932,43743.23642305544,31.85399195992787,46.92857142857143,2,0.10133709941892101,-0.08983233303538617,0.00010579376407526547,0.17573968287146305
unp,de,1.7283561708977138,81842.92154115603,49.54736849235808,62.357142857142854,2,0.06492357940688938,-0.04608826777393449,0.019554827964372995,0.12619831502353276
ge,unp,3.5606436378451973,52571.21479547546,33.56546797672195,83.71428571428571,1,0.06771730482700239,-0.11729218637016843,0.09592220505402307,0.06771730482700239
unp,noc,2.1800322976988498,94737.93112205241,66.22785564340717,66.35714285714286,2,0.15629701933427537,-0.06306942452673006,0.24407094652763792,0.23415252484852406
unp,ba,0.7532547985373752,40424.968875690894,27.550124745075415,58.142857142857146,1,0.07594316765041287,-0.0954856718262532,0.06567070753923729,0.07594316765041287
ups,lmt,2.4044607781411287,89472.40372299583,45.79016201602664,49.952380952380956,3,0.1313715930673345,-0.056526252260431065,0.00474151661632453,0.24410025004981173
ups,cat,1.140366568238895,43650.767492692976,29.906785933689548,52.285714285714285,2,0.10137276693745047,-0.06806346894158086,0.00044176232211529744,0.1723142565108822
ups,de,2.0633194611128434,81705.54392866764,47.56686915240919,33.333333333333336,3,0.07293647302582815,-0.04966215509651814,0.013605868464655762,0.20727372291246918
ge,ups,2.9772965923848576,43929.31474044862,26.04463841000312,54.285714285714285,2,0.06048360187228681,-0.08507752446794886,0.16606747861124577,0.1195700538797919
ups,noc,2.6007705264425156,94527.60018959313,60.189494981426655,51.38095238095238,3,0.15595274221731667,-0.07349490293807791,0.2123152248419118,0.29086622740367124
ups,ba,0.8971218116667057,40320.57428039926,24.478407941471158,65.57142857142857,2,0.0676822982542963,-0.07341849590964593,0.19666930045018846,0.1309386265922029
cat,lmt,2.125252462643073,80712.71492540272,36.39570458395602,19.46938775510204,7,0.05349025849495508,-0.062151885770365387,0.618099978738217,0.34107374924200157
de,lmt,1.1717191507151876,83804.59104168856,31.012659623888226,20.0,8,0.06893480187119323,-0.05884551716483665,0.6244007097404204,0.39649102225440225
ge,lmt,7.110474858145902,93600.26465452903,57.060069782350375,23.4,5,0.16396901729411517,-0.07780194610567967,0.31127524967840436,0.4228278295608299
noc,lmt,0.9286687672785792,75903.4472867439,27.07987619640389,75.21428571428571,2,0.03798241960960124,-0.04509560219506424,0.3374502755778256,0.07568142399048328
ba,lmt,2.723884201123063,97349.93600014788,65.16371506957913,29.785714285714285,4,0.19916369281693974,-0.06198647738398707,0.24635179919314668,0.478639115995501
cat,de,1.8173456521642353,74063.18878967158,26.453106951309014,23.19047619047619,6,0.05021384764420053,-0.04665183963150057,0.6763549980229484,0.2384756302427024
ge,cat,3.344136983372222,45391.922023786516,18.852554322978566,49.095238095238095,3,0.12481025735894662,-0.034650234774673064,0.6498929911177559,0.22252318040612407
cat,noc,2.3048392848546193,85172.1865648655,62.39580782449301,47.285714285714285,3,0.08540954302026173,-0.13016119065996404,0.027571665842850684,0.24460805760571652
ba,cat,1.2824058194021954,47184.01694145752,25.147330247477576,38.142857142857146,4,0.16540134298376924,-0.07842416692267108,0.4849322685444408,0.3321929616816875
ge,de,6.0674826311256025,84984.93699953106,38.95767345036571,31.61904761904762,3,0.09479518521310842,-0.06766528879754591,0.5467438797233063,0.1894784424624018
de,noc,1.2684366915673064,88437.41927376456,51.234802714374545,35.17857142857143,4,0.09902064681037483,-0.07392032976481959,0.11612618276306251,0.3251272191622556
ba,de,2.3235218127192083,88167.16156718414,45.81009510188464,27.428571428571427,4,0.12969359528324198,-0.059579890128006595,0.4807262613309974,0.3112579697608438
ge,noc,7.729872474348811,99291.45158226401,86.68275139548221,72.21428571428571,2,0.18951315219551332,-0.11490436640637884,0.04050794363210506,0.28181716609713164
ge,ba,2.626849535103837,41659.800541461715,12.31619032365777,19.918367346938773,7,0.036240400849031025,-0.04435622248867403,0.7970376455015246,0.23772840478951376
ba,noc,2.9567111524135545,103272.23721250569,89.57475175468491,42.238095238095234,3,0.23843130206006355,-0.09491596833612552,0.005637978942789133,0.42614141744483125
apd,lin,1.1848758702461413,58669.76835274916,24.415787052594528,64.64285714285714,2,0.0423494404683662,-0.047896510225618055,0.5400927596955847,0.08390498877426254
shw,lin,1.2689201707915825,64150.01852837219,22.84880064939165,22.80952380952381,3,0.061852361659064936,-0.0343964680516818,0.1917983143255281,0.15939082827109285
ctva,lin,5.168355605939745,56476.15930617131,21.22803616371554,33.11904761904762,6,0.06985011144385374,-0.04353647139406206,0.25600087393259074,0.2675591487208023
fcx,lin,8.445848086363185,66502.06902529337,51.15090503491961,94.0,2,0.09072083709886229,-0.1171954327942437,0.3519263965997955,0.16905910630697013
ecl,lin,1.9348693959199754,64805.64900448924,30.12999259856951,63.57142857142857,2,0.07138121628212615,-0.04432200062649595,0.00026826773342618945,0.1199619602470396
nue,lin,2.272511337696031,57427.66453401467,28.68273018816493,16.89795918367347,7,0.06595643684207646,-0.10609742281325217,0.5077797982211327,0.3941384341577692
nem,lin,5.75477850779946,68802.61097333592,75.65816891636591,106.42857142857143,1,0.1563889382708489,-0.15167938992775434,0.01967769098924258,0.15638893827084888
dow,lin,5.572292695124494,63957.84047771954,36.6648101374583,77.5,2,0.0790603071896378,-0.05238615943098916,0.18316127686152528,0.13815465278554084
alb,lin,1.2852965608153057,55852.94790577612,45.31722901586755,47.8095238095238,3,0.09945046713089477,-0.1079846205817201,0.03069729527565517,0.2667936675040875
shw,apd,1.0805278740362494,53313.61371844089,35.573522829168255,49.714285714285715,2,0.0882448788058219,-0.06529166057514575,0.00034162557320677867,0.16648041810796
ctva,apd,4.380427664104982,46673.45222403474,23.598681249044166,15.642857142857142,4,0.059609764783452805,-0.08288764444292226,0.36826379816324345,0.21572161360592207
fcx,apd,7.192316127260952,55318.16971376618,53.58523507268097,106.21428571428571,2,0.11009335345445823,-0.11710487168139393,0.048346101723971024,0.20859197086296155
ecl,apd,1.6494475569828715,53905.05541534013,41.01066991199344,157.57142857142858,1,0.096826996794042,-0.0729100334399765,0.1511356003740466,0.096826996794042
nue,apd,1.92756551446748,47498.06341537502,30.407751871097474,29.75,4,0.0794676045290014,-0.15301071183198012,0.2935471170295821,0.2866344970351089
nem,apd,4.944763836614349,57574.846802540545,81.68145912833441,106.42857142857143,1,0.1685773018590713,-0.15887944453029595,0.16203826595175752,0.1685773018590713
dow,apd,4.761707099086745,53251.88906190576,49.20088307222564,68.21428571428571,2,0.09629422303407777,-0.0789521734727405,0.02883091319309489,0.1906157695602025
alb,apd,1.0861349477884712,46080.52535622171,36.30530515648039,42.32142857142857,4,0.11762705595954293,-0.09703749258267393,0.18555356834294026,0.38788680134926157
ctva,shw,4.100968674683625,47955.66536212727,27.44249397787055,33.371428571428574,5,0.1308883191847854,-0.055456200872659976,0.048604136726148696,0.38897211846996604
fcx,shw,6.687174474181901,55848.684078629216,42.3174652258463,45.14285714285714,3,0.09316593196786542,-0.09029872161636039,0.2365095341323076,0.265080268865954
ecl,shw,1.5246172727095164,54373.10968806817,15.441181404332934,28.28571428571429,6,0.05678438557120763,-0.031169232497984846,0.37936345343947403,0.2313697086153805
nue,shw,1.8019438134021322,48695.67826635411,30.764544817483866,23.685714285714287,5,0.11069263669004306,-0.10260738547403724,0.09698880651948158,0.37660770369072416
nem,shw,4.51392438785134,57383.18800888746,50.413133815487505,103.5,2,0.09576980531016663,-0.14692327585121173,0.384189147666561,0.18436493148088567
dow,shw,4.390048243527107,53700.51276736471,21.278425298008873,46.25,4,0.049006461525005124,-0.059267558304359834,0.6021379384736992,0.1801802545107963
shw,alb,1.0123790972116755,47394.86809623672,44.63266894320395,59.0,3,0.14831921177165938,-0.09422838213000805,0.16199344766012153,0.3556302173174832
fcx,ctva,1.6514000873076773,12268.479546949859,12.583487798355087,69.28571428571429,2,0.14500234814806026,-0.09676486597104071,7.534668354633867e-06,0.2524806170196383
ctva,ecl,2.696020154462198,31822.495455341697,18.584212969823867,65.52380952380953,3,0.13806288721799678,-0.083081834996192,0.09168364051889587,0.2582596927560631
ctva,nue,2.2927597303916767,23833.97933422507,15.392301659100982,46.8095238095238,3,0.07729695422515794,-0.1306015442395676,0.22244275137252598,0.21892305693284764
nem,ctva,1.1284512431332236,12740.095944323471,17.339574094540083,106.42857142857143,1,0.21552841719852806,-0.11165072683213798,0.2388901972131098,0.21552841719852806
dow,ctva,1.087534660304089,11758.786354527314,9.694960203373256,85.57142857142857,2,0.11297781514497882,-0.049521058779485004,0.04124309226760914,0.20635589946733887
ctva,alb,4.072441855215942,41010.909822254354,22.615522796422564,21.42857142857143,6,0.092025658340797,-0.10998635624443875,0.6605299981817174,0.39769020881075334
fcx,ecl,4.404622041017151,37047.78754591428,28.886881660965724,65.21428571428571,2,0.10888759783742268,-0.05663619076432612,0.1667558646660363,0.18677277545813278
fcx,nue,3.7239458693447114,28183.203605773608,20.081923272198402,45.523809523809526,3,0.16717020657495377,-0.03978014203030909,0.4354597487519641,0.3198368081791873
fcx,nem,1.5094666604524452,13274.188045687228,9.752145821143797,99.0,1,0.06879225045478264,-0.08111880672623653,0.46993994361002756,0.06879225045478264
fcx,dow,1.5216298256798677,12678.28797284862,7.977865655332467,74.57142857142857,2,0.07377803395741597,-0.06746966938054283,0.4666308410646545,0.13135650519055259
fcx,alb,6.807642973550593,49571.15155612544,68.96798877251977,52.523809523809526,3,0.17210848491099798,-0.14148401436440827,0.1259831940492651,0.45431575456101214
ecl,nue,0.8581549782892343,27525.789700758953,17.62600555581939,25.25,4,0.11862267733975412,-0.09859900111756095,0.06671139118422553,0.31444627769791217
nem,ecl,2.969474907177637,38033.561373819735,32.96169197319208,103.35714285714286,2,0.09579309099317758,-0.11985546783605715,0.4055331451604066,0.18422851484675862
dow,ecl,2.8894676434104976,35619.97355724788,16.546707258190782,58.142857142857146,2,0.058518576378978816,-0.06451038778533377,0.38056572202365874,0.10507082167597163
ecl,alb,1.5391933394377317,47836.98035401979,43.86779619390722,53.714285714285715,3,0.15363403913926474,-0.09998014595465998,0.12452546024160127,0.3656458844170096
nem,nue,2.5550401603990864,29316.577598001517,35.37478111576477,60.142857142857146,2,0.18946690878520783,-0.08387983867882631,0.024039723131415384,0.308549269544462
dow,nue,2.4682506818212566,27130.392636311208,18.92644318317582,28.80952380952381,3,0.10306931181823961,-0.09383136912970809,0.17981558155770855,0.2597676097605319
nue,alb,1.8072494380083577,41961.266371302205,42.694844358750466,53.92857142857143,2,0.10786131657965946,-0.1833128979757109,0.025005821834448973,0.21568843373830854
nem,dow,1.024361858751787,13008.856859160049,8.71457861401546,39.357142857142854,4,0.07033785092288901,-0.10826518091866223,0.6564868636325734,0.25733058594899294
nem,alb,4.676642868257125,51682.46964219955,89.68414414688834,95.21428571428571,2,0.22905069170760908,-0.16626185894101958,0.5293077695483368,0.41155502955006895
dow,alb,4.469839882771339,47388.58364466722,56.50826810874278,90.35714285714286,2,0.14115697801574703,-0.09305729998644133,0.18761807630352298,0.27601057200906065
aapl,msft,1.7303476437450875,58721.168362112745,12.406110185208655,33.68571428571428,5,0.022731172202463748,-0.0396035176727019,0.7014441871066887,0.10747788743042995
aapl,v,1.3811673432164822,45895.41136506608,17.50171315116375,33.61904761904762,3,0.04179163970764853,-0.05568135559089733,0.09969794654190471,0.12294302637033946
aapl,nvda,1.167688080786634,44353.926051240735,31.582192091589118,55.642857142857146,2,0.10643354627169875,-0.07235995564672239,0.395249847169132,0.18030384208880224
aapl,ma,2.2694600829473734,75918.56600870754,31.251332012329087,42.095238095238095,3,0.0570308406360726,-0.0628521688786653,0.06512692490503999,0.1499454460719792
aapl,avgo,3.5934399051067314,119391.40172362587,51.75246597885459,52.5,2,0.04603183400134342,-0.06396668380910266,0.15892754074769383,0.09049939759858763
csco,aapl,3.2064632584625063,35016.85509642972,12.698282827043895,44.952380952380956,3,0.046098555379858366,-0.04228972313988284,0.28559932268623206,0.1261978191761351
aapl,acn,1.9306103822659648,65339.728914467814,13.416647584987228,20.95918367346939,7,0.030384083260403826,-0.031099327509550474,0.6848374779422521,0.17239147544872335
aapl,crm,1.1113669601809204,38997.565304046235,14.352658555815799,34.857142857142854,4,0.047671563796159305,-0.05660526414962883,0.6035842154262743,0.17547044166272693
aapl,adbe,2.488870800601895,88257.76746394363,37.675061755749276,51.38095238095238,3,0.07547362317171386,-0.04699358658316685,0.4594363109230465,0.1752009658055709
qcom,aapl,1.1433707500337085,36274.88067439696,10.858927105819102,20.607142857142858,8,0.0630118261633419,-0.03507379430933159,0.5918353609083296,0.29737649341736716
ibm,aapl,1.1306737911597062,31176.62922993576,17.48070037866267,48.42857142857143,4,0.09003773607276798,-0.05108180263222712,0.15035596865353112,0.29327620337621557
amd,aapl,1.8389367741788523,38082.298751280454,23.70735718882388,43.42857142857143,4,0.10396650443295308,-0.06000740803391148,0.5061855000869355,0.30410596951817287
intc,aapl,4.393674221541152,38144.82718823608,29.130758990909527,110.42857142857143,1,0.12677752606390355,-0.030161795673048233,0.3480635009881138,0.12677752606390355
v,msft,1.2598492134512873,57613.16782219973,21.05996806268587,45.285714285714285,2,0.03948622322998595,-0.047658001910528706,0.17164038829528683,0.07548830107165504
nvda,msft,1.519715886009518,66611.55245030831,42.08952058534486,48.642857142857146,2,0.12323343043715432,-0.0678059125518248,0.6896089872463402,0.1965830500842444
msft,ma,1.3120792651443212,75877.09621448223,28.746005159297365,24.571428571428573,2,0.04419191582998779,-0.05911429663349737,0.16495170298181747,0.08755833253728179
msft,avgo,2.07525796988262,119258.99466518985,40.82325837074615,33.142857142857146,3,0.037881483147601,-0.06955158127165967,0.40791714247177924,0.10907749155156422
csco,msft,5.53622289741442,60480.25526279986,18.59110743250654,39.714285714285715,5,0.05824725938037168,-0.03271123300367867,0.45792533394883994,0.20538078235236318
msft,acn,1.1165689257142708,65316.01807955188,10.455669921020881,15.446428571428571,8,0.04239990350673821,-0.0172487632182371,0.8240632943365803,0.18605656873257612
crm,msft,1.5647545639025793,60831.25095840171,17.932753950281725,20.142857142857142,7,0.04540534967907557,-0.05117281502136666,0.7946458701333367,0.2409727656924397
msft,adbe,1.4359102035496742,88123.67022255453,25.627091935219433,23.61904761904762,6,0.04667629727470729,-0.03782245358855171,0.8297005109217854,0.2267821304458105
qcom,msft,1.974042223025924,62650.96397840622,14.588267774799771,10.37142857142857,10,0.05992036718263266,-0.04784501664637751,0.7659347381322774,0.30560678826664733
ibm,msft,1.9536274121166992,53867.69299132461,29.780920203959706,50.23809523809524,3,0.09290100250268916,-0.047352468210119465,0.07634467252180227,0.2065758241174365
amd,msft,3.16639628143421,65673.3987943013,34.15655961090229,31.457142857142856,5,0.10316566525249068,-0.05038854788827333,0.8303865835333727,0.33720224659566483
intc,msft,7.5590084189556945,65750.74363485756,43.05565940452664,110.42857142857143,1,0.12450015123797452,-0.03678273958040904,0.6881762211645183,0.1245001512379745
nvda,v,1.2141841319623805,52221.57965871386,39.674641546175366,43.42857142857142,3,0.14062258593566887,-0.09819607420649515,0.454401097485158,0.29437453294728644
v,ma,1.6423665725764445,74240.81303867923,7.388120487777441,18.77777777777778,9,0.014719541656998843,-0.015288699410111463,0.90108775141229,0.0916960098647291
v,avgo,2.603507465124949,116802.21512746908,33.116165669847256,25.942857142857143,5,0.04462000407030206,-0.04103507681123451,0.5716555156209797,0.1751365427836683
csco,v,4.407944809423449,47237.18985818268,15.666188624359734,22.25714285714286,5,0.06367728720635372,-0.06798861453233708,0.3279367262197686,0.22312713755399435
v,acn,1.4041282914385718,64069.15034153797,18.978330283146573,24.38095238095238,3,0.040449968978372594,-0.038884940405944216,0.27191203951145415,0.10428121103314937
crm,v,1.2524510507165478,47649.32946390512,26.025986348018165,27.761904761904763,3,0.05924209212930914,-0.07326884926757508,0.12414282948598146,0.17264823471203228
v,adbe,1.811081978241412,86640.7065066078,43.98940177869272,65.21428571428571,2,0.09420342647946585,-0.06025226629439773,0.26135608375044406,0.15809989422150508
qcom,v,1.5777039885440822,49066.25511185717,21.559788597769806,23.28571428571429,3,0.08437303280133508,-0.040600342751747,0.1641198623393262,0.18254016983205712
ibm,v,1.5488461876977477,41888.97721493699,13.249010021890639,20.836734693877553,7,0.08195545342878306,-0.038341502434962295,0.14605263093842089,0.3101856134102792
amd,v,2.5428333771569105,51621.51330805133,39.54941838469458,34.80952380952381,3,0.1292844002555558,-0.05856905619208903,0.14983123069700283,0.293628156654777
intc,v,6.0795621476667945,51727.75005728565,46.651979180284386,110.42857142857143,1,0.12231174784740843,-0.06352930034945445,0.05347371918555238,0.12231174784740843
nvda,ma,1.9922504546004494,86243.93428757665,64.75984577345669,42.42857142857143,3,0.13635013545065378,-0.1129854337910391,0.4049191279148151,0.2897808283228949
nvda,avgo,3.1374912673400446,135323.10714618152,82.41106631752737,39.095238095238095,3,0.13435650446046918,-0.05581211722667796,0.7358250005988365,0.26608231127191107
csco,nvda,3.712727578932793,45410.092082180556,26.253324554776707,27.057142857142857,5,0.09570606375037011,-0.09717610773775752,0.7280783037962221,0.34110749125264306
nvda,acn,1.6975002677805644,74189.89136754326,49.76506419095098,61.785714285714285,2,0.12105005253316099,-0.08355160019016637,0.667916275044911,0.198801218989775
crm,nvda,1.049015437460653,45638.48356877531,24.50957303063617,38.92857142857143,4,0.07890779772015953,-0.06026343160928069,0.6344349946378195,0.2528649062995242
nvda,adbe,2.1683406213834986,99176.21954617318,51.82736508555109,51.357142857142854,2,0.07519911238940719,-0.10978841580877614,0.656431433752326,0.12955369222150173
qcom,nvda,1.325758961719579,46898.18192970149,26.824434389375174,56.142857142857146,2,0.06147658116359595,-0.10817961995506316,0.5798171215699446,0.11944025226563348
ibm,nvda,1.324956047963431,41161.432586538285,40.85348720130148,62.0,2,0.20223801508121725,-0.08274102170415162,0.011106196553066801,0.30275987024680767
amd,nvda,2.1058125795997737,48690.198801591,22.01615150196378,66.5,2,0.062016754399355986,-0.06399253164833467,0.6822345286266719,0.10701589532391731
intc,nvda,5.038258967675989,48795.29197544606,28.74333054235421,41.285714285714285,2,0.06979863179670445,-0.12806795687354303,0.534193322647373,0.1306969486475574
ma,avgo,1.5848522774566223,117617.94704353892,29.36915227512765,31.714285714285715,4,0.04719010635510558,-0.039749943593040606,0.658807847281647,0.13868859943582754
csco,ma,7.237570576589213,78093.3352257362,25.726084468705338,27.57142857142857,6,0.07104926749200417,-0.07315793929054676,0.34414773004103444,0.25664634145396603
acn,ma,1.1744144664234033,75617.41337593546,23.312683783664408,39.0,1,0.0452204640377997,-0.0442605445471275,0.27297593443219603,0.04522046403779971
crm,ma,2.058056885730016,78802.45248409978,44.61172877042215,42.42857142857143,2,0.059662826270204715,-0.06689874327290155,0.08388748041827908,0.1183199109725804
adbe,ma,0.9188814481170811,79646.41114544147,39.54370878175268,66.21428571428571,2,0.0836384195686695,-0.05808128318549302,0.28957466477348154,0.15219401410950417
qcom,ma,2.5911684072489227,81107.96760474745,36.09590196383039,36.42857142857143,2,0.07495477653096089,-0.040610679618329065,0.15705580494632326,0.12335344485311589
ibm,ma,2.543680852209735,69319.0848348953,22.62097548677462,23.71428571428571,6,0.0867747827208419,-0.0275270275348903,0.18592087586675968,0.29907978382967276
amd,ma,4.172725534993128,85264.02624646801,64.01928082700199,33.61904761904762,3,0.13265364494809445,-0.06147294821653353,0.1699602133615967,0.2898957462025613
intc,ma,9.97738859313531,85443.07975864023,75.7273890654885,110.42857142857143,1,0.12120050475429202,-0.0733680628646182,0.07386261710773356,0.12120050475429203
csco,avgo,11.441781398562114,122733.0184137869,29.800797314371835,25.0,4,0.0450905869126274,-0.05096792836856592,0.6716977624288312,0.13650808562561967
acn,avgo,1.859016153620236,118896.98832187313,37.72372532116432,43.38095238095238,3,0.03647582156808811,-0.04371365698270313,0.4406021327302937,0.10475919560070245
crm,avgo,3.253206964783358,123847.03963306491,63.3233151614695,27.035714285714285,4,0.07017261255440756,-0.04888891650500239,0.25856605362613466,0.24566700615394482
adbe,avgo,1.4515837654466808,125139.31718132968,52.87584551452883,36.357142857142854,4,0.07826255599981215,-0.04218595092710306,0.4899317687850102,0.2318494208632542
qcom,avgo,4.097786631364126,127523.14745114461,52.87907425505189,49.642857142857146,2,0.0911003285404179,-0.05203856655702752,0.3111333685981114,0.15133613100518192
ibm,avgo,4.037003538357411,109059.43593647893,54.354761591074706,46.1904761904762,3,0.07806963071207158,-0.03683510130027297,0.02189649474242213,0.18390731791456028
amd,avgo,6.574854889295241,133819.45790153788,85.69016695933095,33.904761904761905,3,0.12639887124739596,-0.06473540682279656,0.440895611403045,0.26674479379474675
intc,avgo,15.721491315357909,134103.41883426302,104.50696392679582,114.42857142857143,1,0.12126482179694036,-0.04962759020988203,0.3148193070275648,0.12126482179694036
csco,acn,6.17185568108342,67273.6889385161,17.274339309995323,36.542857142857144,5,0.05354622624834022,-0.033017184151334165,0.5813184429982723,0.18488017703735346
csco,crm,3.5592582538631308,40146.8271286637,17.93863665873118,34.75,4,0.0572189654395277,-0.0560977336962458,0.3521743671394204,0.1997285515671074
csco,adbe,7.951983194950378,90725.40412882244,38.14314470390135,60.8095238095238,3,0.09190363534447786,-0.02948082447052642,0.4400206762196687,0.18206966324589532
csco,qcom,2.8136463600107473,32701.76077506045,12.319956184493801,24.78571428571429,6,0.04857841447465494,-0.057697648095051235,0.35878245107927204,0.25547618654864596
csco,ibm,2.8596185231910547,28640.814550615698,14.601944968531924,55.85714285714286,3,0.10994516765681862,-0.029874571605174923,0.00038796844505254287,0.21595903772786262
csco,amd,1.7801994688401428,21488.622012225802,13.084801953733479,32.48571428571428,5,0.0729205357259206,-0.07802289573992092,0.42952565706636453,0.3154033272217517
intc,csco,1.3749742211972331,12248.250571741773,8.827196862310318,111.0,1,0.07024187778399693,-0.05328435189760452,0.3871399686439496,0.07024187778399693
crm,acn,1.7478068990401128,67733.36142240418,24.223270181337075,46.952380952380956,3,0.046040886139231255,-0.06053373681592724,0.6877474372911582,0.11909726804350544
acn,adbe,1.2883396124316633,87939.97236277234,31.182663683011125,61.23809523809524,3,0.048543583446377735,-0.03562353306184254,0.7287100037916244,0.12021069330918047
qcom,acn,2.2048232150681444,69763.39248669682,20.919754659530444,21.30952380952381,6,0.06627903839676422,-0.0420753861398256,0.6092959738455453,0.24474147777822247
ibm,acn,2.1757763713448655,59874.87470998874,27.854737473035936,38.32142857142857,4,0.09441758337208778,-0.02687537577266317,0.008284121298132791,0.23749427751948338
amd,acn,3.541313480608787,73193.57292240771,43.16765858969244,44.25,4,0.10800339656028898,-0.054453072077039935,0.7082470762852427,0.30636541310080784
intc,acn,8.452938588457592,73274.8043652428,52.29656408689011,110.42857142857143,1,0.11933087602996041,-0.04120677787133175,0.5868359005949253,0.11933087602996041
crm,adbe,2.24215589225062,91121.12691300953,26.68177540617273,18.95918367346939,7,0.06219557782432099,-0.03631463830775317,0.7387371695255821,0.25428458129867276
qcom,crm,1.2654495273389768,41480.460224528826,10.546961670935449,12.077922077922079,11,0.040780280056431334,-0.04483011819148821,0.7733761094033499,0.36571817147685615
ibm,crm,1.2599129723689693,35944.78682937134,27.287113404249883,50.857142857142854,2,0.1230936607394948,-0.06919535346628013,0.15540744099207138,0.20719828309814037
amd,crm,2.0246714037748004,43359.103808999425,17.81718150176993,22.78571428571429,6,0.06743487331129819,-0.062337871304292164,0.7776362556469822,0.2921869233284264
intc,crm,4.827735228766634,43381.19916366775,23.386382971742364,80.35714285714286,2,0.05922280197486823,-0.05571106570233611,0.6829138985325132,0.11416769790028292
qcom,adbe,2.8297245351250764,93747.10018746223,24.468296096630237,15.07936507936508,9,0.06202635683781278,-0.04226147957812387,0.7725978192737532,0.33752960074042904
ibm,adbe,2.813692210703357,81322.69966738622,58.024400326759434,58.904761904761905,3,0.1356449600205085,-0.05134900504186143,0.021830666592893375,0.3128259036961745
amd,adbe,4.5156269207119015,97812.31757239564,33.909521816549685,16.936507936507937,9,0.05585091331288486,-0.0566631108133059,0.8655059786914572,0.38203990928209475
intc,adbe,10.777126292848411,97908.9140365266,49.1303852021511,48.42857142857143,2,0.056827230887344066,-0.06779230330340806,0.7308685992180021,0.10820086416680669
qcom,ibm,1.0252177181809077,29856.009351968834,19.147807587306573,44.76190476190476,3,0.15438773569141934,-0.04161145906771257,0.11760567212623013,0.285476520466811
amd,qcom,1.6023862719749915,35262.38247091303,14.537352739963719,38.68571428571428,5,0.0595318010824517,-0.07371550675549175,0.8400253159589968,0.23899203196201585
intc,qcom,3.8277258766232163,35313.15484681649,20.49615450792323,89.0,1,0.061276920727075225,-0.05890443308584157,0.6304370714760535,0.06127692072707523
amd,ibm,1.6564618305304246,31563.359863002635,30.7075010227767,57.666666666666664,3,0.19744984667963172,-0.05618266398545668,0.07524221061570369,0.40301142363952513
intc,ibm,3.9534989368618336,31599.464012622193,33.85340256305168,91.42857142857143,1,0.19546380076991948,-0.03159583172841289,0.062388916046106156,0.19546380076991948
intc,amd,2.3909731132134238,22992.317048548808,9.12360485632725,25.892857142857142,4,0.04114466194767611,-0.053646542933758354,0.7660171067439965,0.15876887822005636
amzn,aapl,1.3036164103262853,37359.70609541827,19.73296749857614,40.642857142857146,2,0.09121121018577347,-0.03560715522754656,0.7441251460875544,0.14197468848072314
aapl,msft,1.7303463649674748,58721.14664783042,12.406190562851211,33.68571428571428,5,0.022731205107638,-0.03960349581906597,0.7014398461086564,0.10747788724615608
goog,aapl,1.3872618098954106,35556.76807201233,13.127612139500203,59.285714285714285,3,0.04233436681235892,-0.036484080146432715,0.6068767273308617,0.12178962335943792
aapl,meta,1.07262061893401,39282.63387833878,28.472656198477925,84.28571428571429,2,0.15163260585342037,-0.10510546719978561,0.41936919205913514,0.22604277684072757
aapl,nvda,1.1676886906773905,44353.936407490284,31.5823456494866,55.642857142857146,2,0.10643350728485496,-0.07235993583618691,0.39526260984792955,0.1803038018389091
aapl,tsla,1.5830698493259827,56210.94898536423,46.73814246685924,47.285714285714285,2,0.08868469240777355,-0.09941124366469596,0.7234015567393168,0.17043444017135848
pypl,aapl,1.753392690247171,35523.503181703396,13.308460494674785,17.224489795918366,7,0.06165907339219329,-0.08099641718961019,0.7050300717441544,0.320767338649523
aapl,adbe,2.4888704917384468,88257.76221928807,37.67511058255402,51.38095238095238,3,0.07547362109500351,-0.04699359017712492,0.4594290818650072,0.17520096004490573
amzn,msft,2.253338309312511,64565.044259964394,33.78360698253566,54.142857142857146,2,0.08714844668522964,-0.029231429998710586,0.7322116213663291,0.15463374127953247
goog,amzn,1.0727262974918532,29997.274094776225,10.147619016166733,28.061224489795915,7,0.04707784527867801,-0.03043655854343657,0.8481874962959253,0.25927411680995205
amzn,meta,1.3789344982381417,42625.64153757559,22.675826766653955,77.78571428571429,2,0.07683253416293025,-0.05625795871909293,0.5967232873078723,0.14931811364955144
amzn,nvda,1.514984446861233,48209.48574234395,31.8559742588743,36.42857142857143,2,0.0730596544434779,-0.09814637786157153,0.386759543338208,0.14515055994841655
amzn,tsla,2.0216144061305115,60933.176204606745,29.221984582589045,15.777777777777779,9,0.08058959899999885,-0.07600201172769694,0.806776464370657,0.5126984103777534
pypl,amzn,1.3572681690128903,29986.613855642237,10.64697403297669,58.57142857142857,2,0.045731891362994444,-0.056355207181105385,0.7961955028722562,0.07932656401774335
amzn,adbe,3.2311462655082805,96507.44182869617,49.80362626297702,39.0,3,0.09630620969351956,-0.06413682124318407,0.5319428573645688,0.23795313053279063
goog,msft,2.393745605672284,61392.692774744355,16.805303637479355,21.095238095238095,3,0.05879126921705601,-0.05415909973014154,0.8503502485541724,0.13078147994487985
meta,msft,1.6607855214437515,64330.092021607365,40.67403900252075,37.464285714285715,4,0.09688290764789714,-0.06024100680036689,0.7568269262011493,0.3316277742022782
nvda,msft,1.5197153252819877,66611.53869790523,42.08980919974938,48.642857142857146,2,0.12323340410119275,-0.0678058974502313,0.6896190966511554,0.19658301799865208
tsla,msft,1.150693740386657,63088.42606909551,56.6848495781746,52.57142857142857,2,0.09442966448197518,-0.10731720724480057,0.5721067675940479,0.18674928301581326
pypl,msft,3.0350155957364606,61435.80806396276,26.229626886383713,29.11904761904762,6,0.08395023307434482,-0.049822610162331665,0.5413887666766466,0.32597939929761843
msft,adbe,1.4359104647907903,88123.67788710803,25.62706020873834,23.61904761904762,6,0.04667629569926703,-0.037822448099299646,0.8296973486408319,0.22678212418147317
goog,meta,1.4699608347440773,40752.65865916984,19.25040303403246,53.214285714285715,2,0.04816458142838275,-0.061179292612250136,0.7743486511386919,0.09487649473241562
goog,nvda,1.6085665554913737,46065.67171116585,26.54002816754921,28.821428571428573,4,0.07912309031100517,-0.10668394130104865,0.5434929886508686,0.26546320345083524
goog,tsla,2.177404185231954,58486.38232694914,40.439197828649306,47.714285714285715,3,0.07793477180078368,-0.08698630029288608,0.6733563938399352,0.2205048485377733
pypl,goog,1.2704397504646439,26826.135818039642,10.413019450072643,29.371428571428574,5,0.07036690898699027,-0.06042325283408887,0.5902865729224488,0.25576974745451514
goog,adbe,3.431356510630746,91943.42315903908,26.77660565354676,24.785714285714285,4,0.04115600674675431,-0.031647490656857305,0.738692310151245,0.1295067523414011
meta,nvda,1.1061310062637961,47831.07389170703,27.0958329124507,38.333333333333336,3,0.11638215542665603,-0.04600754348859533,0.5708431354469531,0.2445138496190382
meta,tsla,1.5008579563142672,60951.20921636507,44.911506719861194,34.25,4,0.12579639093109427,-0.08500904921141811,0.4987423489147244,0.35341224031395474
pypl,meta,1.874678923221042,40894.66668176881,27.844368286092884,77.0,2,0.08991104149723302,-0.08892315103417525,0.37632870021163495,0.15690263088511383
meta,adbe,2.3691155954106637,95910.3957153312,47.65615033756157,52.1904761904762,3,0.14193673537916307,-0.04821397005876921,0.7331331047856311,0.2593899801167372
tsla,nvda,0.7765149426234537,47300.897401670154,46.738580043196215,47.0,2,0.12185771630607815,-0.12843817865112997,0.19257723597883403,0.22067195644217197
pypl,nvda,2.0411530032079255,46112.21247548959,30.243004441386425,35.952380952380956,3,0.07896801741579959,-0.09466569509455859,0.3867470659094086,0.2211609703692637
nvda,adbe,2.1683406313951914,99176.21979171994,51.8276298632208,51.357142857142854,2,0.07519911282415868,-0.1097884158877009,0.6564367018084041,0.12955369242506087
pypl,tsla,2.758720387037824,58504.47926377269,42.169768659006856,58.666666666666664,3,0.08313034358863304,-0.09895346665826839,0.5849907808936297,0.2354685310709789
tsla,adbe,1.6515538466166244,94434.96614535272,83.65134893348056,54.357142857142854,2,0.14044419829362917,-0.13678760803880674,0.3446308721596131,0.2429237767633051
pypl,adbe,4.3629485308463485,92135.85964687252,47.77839006107789,44.285714285714285,3,0.07247285836466263,-0.07138062298499331,0.3481620116442873,0.19102229738809204
googl,meta,1.4775018413510417,40876.684906619535,19.198503655796223,53.0,2,0.04795625353843028,-0.061271152583525404,0.7733024559289216,0.09438581973667881
meta,chtr,2.7200405923356845,117245.5354157117,50.41326893413101,22.07142857142857,6,0.12180880691900041,-0.06530167641684331,0.7229774106049293,0.4045339975152497
cmcsa,meta,4.152040176064398,40583.5890716433,20.13335232173261,36.65714285714286,5,0.14520805750952306,-0.06481690695358981,0.7355357116857103,0.4657228852918236
tmus,meta,1.1976422125434112,36035.9351204922,42.82887803476058,74.78571428571429,2,0.2245051366012473,-0.0603888478098122,0.4721784642121533,0.39544337415751823
dis,meta,1.4927277712511904,43934.60315085988,23.110728074542717,48.8095238095238,3,0.10979867890258338,-0.09392114053349983,0.5772838200237581,0.23385871405755554
t,meta,8.748049605665846,36718.36277050976,34.81489411885006,72.0,2,0.1856547637218249,-0.058049486572510405,0.0442652561776947,0.3545562380375582
vz,meta,3.608982230264691,40335.55127465299,20.514605874800587,25.9047619047619,6,0.0643877876059743,-0.07290675944676875,0.715063545536011,0.3483381708492262
googl,chtr,3.9671037938155553,113120.7849879986,35.79230332838331,13.946428571428571,8,0.06266174166405902,-0.04036324277581774,0.8299077908831828,0.33638024340656025
cmcsa,googl,2.8185767179292336,26653.510220263488,8.894295663405579,12.714285714285714,8,0.04992735001373071,-0.03190864696496875,0.6610685382304895,0.31838063665458144
googl,tmus,1.2884339631661261,29770.003062957378,25.244907476635305,91.57142857142857,1,0.1551011213090333,-0.037634778655065676,0.4363819534583754,0.1551011213090333
googl,dis,0.9963435021947025,28675.17917399125,8.477840801130045,19.17142857142857,5,0.06848048315254204,-0.0469602413048692,0.7153212973663025,0.19530598898524157
t,googl,5.893379805117926,23948.851006379336,16.58958247887971,60.333333333333336,3,0.1411949053382308,-0.038150807910768705,0.0022164174493334585,0.2944424226473926
vz,googl,2.447482886212483,26472.086623239557,7.94888148598038,25.976190476190478,6,0.04429098718750574,-0.04822730873490597,0.7252070883929786,0.1973667094790822
cmcsa,chtr,11.12862517713216,112241.5378442399,32.37608652110224,29.342857142857145,5,0.08054402684819091,-0.024064572536058797,0.8814046054158325,0.20080018292036525
tmus,chtr,3.197469226459394,99895.77282509787,98.66780781419472,109.42857142857143,1,0.2060315581612261,-0.0408662615134567,0.38793767930121126,0.2060315581612261
dis,chtr,4.006208387950788,121304.09666411427,47.31754981803554,26.97142857142857,5,0.05881035019526347,-0.04688391738365271,0.6450753777405597,0.2358342325559133
t,chtr,23.376673778807614,101755.46866949432,76.21146972387157,44.642857142857146,2,0.2033314693916982,-0.021800071631221107,0.09408495860731557,0.28486768408988183
vz,chtr,9.678281481838368,111604.50357804546,34.304152332939644,18.535714285714285,8,0.08198643857272339,-0.028253434486072444,0.8521851751979223,0.3166379967963848
cmcsa,tmus,3.6163546600080387,29493.867024108094,24.557611027281144,85.42857142857143,1,0.13713473513112154,-0.06391477243572871,0.3420096104187089,0.13713473513112154
cmcsa,dis,2.804511532317521,28499.20346947047,11.111754392398781,48.38095238095238,3,0.08398148070134745,-0.02867293773808627,0.53478631123582,0.18126881303038542
t,cmcsa,2.0901476757058073,8439.059583016435,4.720282851425246,31.38095238095238,3,0.12766668520930663,-0.028970271704583148,0.18424213785122237,0.23425566307790738
cmcsa,vz,1.1526317765141776,10755.869181769955,2.8406044308357954,13.918367346938776,7,0.033157693329956175,-0.05021737772342546,0.7845995321825343,0.15714683626255277
dis,tmus,1.2958856149930504,32347.375023398887,25.63696314875659,62.714285714285715,2,0.22067218642308364,-0.007461951773021079,0.2415049318601354,0.32889236438517855
t,tmus,7.427735001989632,25784.455387601985,13.659014006029315,50.285714285714285,1,0.06711793035843525,-0.08200854881149766,0.00030882685343408507,0.06711793035843525
vz,tmus,3.147548534951617,29300.18744760395,25.556427941426666,108.42857142857143,1,0.14298933235882716,-0.041254647365681886,0.515770805707341,0.14298933235882713
t,dis,5.87157694776235,25821.64755479096,19.005330075834447,43.85714285714286,3,0.2111385164171789,-0.016202975173668182,0.022966009251645,0.36033716079468703
vz,dis,2.440989042572077,28349.21886163725,12.984145005161846,50.047619047619044,3,0.08736006714141091,-0.06440893571280945,0.4022285874487918,0.18375262002606704
t,vz,2.405400148716567,9641.513720399631,5.555566748088098,168.42857142857142,1,0.14233400308086425,-0.017841188504216624,0.16441869870857262,0.14233400308086425
tsm,nvda,2.037795296165628,49138.49078901774,19.05935225457103,20.628571428571426,5,0.05470638113735747,-0.08218424623674281,0.8193502699057321,0.22312250450931648
tsm,asml,6.490011286805398,144073.35504151665,56.6423061807269,34.857142857142854,2,0.08675580978940717,-0.028837161827250542,0.5513782164345818,0.1292625364143792
tsm,avgo,6.326326086467569,134782.3637469737,46.01485250278964,31.107142857142858,4,0.1292834043005895,-0.038732072843148065,0.6924758913052551,0.24615150928288468
tsm,txn,1.9965243930515857,40669.02168073648,21.2061191904268,83.71428571428571,2,0.17959687693733223,-0.05612034096133923,0.292240194017459,0.23118188480215082
tsm,adi,1.877214491674412,38849.99682853748,20.749869911867634,79.14285714285714,2,0.1605377485326852,-0.032940122755220014,0.201596062001075,0.21605033444327734
tsm,klac,4.145313250668806,87400.09159278472,52.08208264556396,89.57142857142857,2,0.14169173644580302,-0.033706153196448034,0.10097439665147034,0.20561554452999103
tsm,lrcx,5.381735615237189,123715.60454529087,33.35138378588602,20.375,8,0.05135006136926571,-0.04825213748073853,0.7546097133316426,0.28033187066923415
tsm,qcom,1.550943516475399,35607.295602665705,10.580552197311368,38.5,4,0.04696885291000274,-0.04196630868960698,0.6996577934567678,0.14744112081977032
intc,tsm,2.4757786894723224,24003.825371789248,12.339421945136047,100.0,1,0.07622287810675925,-0.07433414214646637,0.6252112883902635,0.07622287810675925
amd,tsm,1.0355147702519918,23960.53186657129,8.484939509732882,22.285714285714285,4,0.05488353468165681,-0.04787574516133562,0.792881280440324,0.17922174494767312
nvda,asml,3.2056909360638124,144309.77364868118,73.8317289607471,63.642857142857146,2,0.08954524849360478,-0.0635972049397091,0.6837945326965811,0.1420598337671362
nvda,avgo,3.137489759064203,135323.07015420904,82.41133024398819,39.095238095238095,3,0.1343564752388755,-0.05581208549303879,0.7358303898395584,0.2660822422586523
txn,nvda,1.0406105518249706,41753.307453715126,33.32589322498917,75.5,2,0.17992614362277506,-0.04009920572187164,0.4103318547728888,0.26396909018867615
adi,nvda,1.1075080444925443,42442.15755961797,34.04975378457524,72.64285714285714,2,0.15777268806013897,-0.07704453574889467,0.2582103526455994,0.24170110939791337
nvda,klac,2.059037436044448,87832.94968258965,74.17434749789811,78.5,2,0.14881829607132735,-0.09518739370769472,0.13357925049259542,0.23974132301316214
nvda,lrcx,2.6647307194664984,124070.18660326129,62.40368631410562,36.047619047619044,3,0.05517907151837234,-0.10677611260217632,0.7598843653178929,0.16038115333143235
qcom,nvda,1.3257586850526943,46898.17726094781,26.82450703272777,56.142857142857146,2,0.06147657075082512,-0.10817963806908497,0.579831212421798,0.11944024782672272
intc,nvda,5.038260638389321,48795.30002327188,28.743788610226257,41.285714285714285,2,0.06979866265583473,-0.12806793629907742,0.5341816006455364,0.13069697040427794
amd,nvda,2.105815536916848,48690.23273680443,22.016799059386944,66.5,2,0.062016594553650946,-0.06399241240357338,0.6822220796738107,0.1070159330407874
avgo,asml,1.0263910232432945,125600.52070682961,38.351545980762666,20.880952380952383,6,0.0600208286678079,-0.0261401019533338,0.8135561613553017,0.25724046214726415
txn,asml,3.2755017625655056,119912.9321905945,55.84993954381132,39.42857142857143,3,0.11356977312426385,-0.04851574796323773,0.6678978351543673,0.21444146583154136
adi,asml,3.4828088315810364,122028.39946822164,54.117146460904586,56.476190476190474,3,0.08785740009751729,-0.03871948822398765,0.5857173822885391,0.18964171695736315
klac,asml,1.5796884656657146,124661.50687925317,50.87318282962596,47.76190476190476,3,0.05918725932089177,-0.04460403862067467,0.5702153813807171,0.1471660387943489
lrcx,asml,1.206081506241562,136502.07809522699,41.4852186277401,43.8095238095238,3,0.038249363402022916,-0.03890828556596885,0.7135987602696335,0.10604974556093812
qcom,asml,4.213467767741001,136789.26809234812,73.05373871169446,47.0,2,0.07060592541599706,-0.06137759848789506,0.2225550495649737,0.1357705184464644
intc,asml,16.196751237082843,143706.74725503306,122.80281900647195,101.85714285714286,1,0.0917278303087216,-0.08145077376676348,0.1335253790949425,0.0917278303087216
amd,asml,6.755981155260619,143211.88326833435,98.06089688987522,67.85714285714286,2,0.08145592930879726,-0.05909895433782823,0.2756912574951576,0.16278778604981048
txn,avgo,3.1887653529919566,111163.0094387908,33.87953238869484,45.642857142857146,4,0.05416115017642705,-0.021429945217031374,0.5657158047816114,0.15204355106649955
adi,avgo,3.392487832007998,113253.27515469556,36.2829572074087,48.1904761904762,3,0.033806482854419694,-0.046325047930790765,0.4721447897069957,0.09940036978393836
klac,avgo,1.5416721357916274,115928.24182226743,46.17629668982643,55.1904761904762,3,0.04842614368674337,-0.03747248257916265,0.36753872949456234,0.1301962349397344
lrcx,avgo,1.1768805315982298,127473.54133290856,32.863097188494365,18.375,8,0.08591294228072427,-0.038052832546169375,0.7223349703489869,0.3007301325078723
qcom,avgo,4.097782808364258,127523.08293802185,52.8785948478016,49.642857142857146,2,0.0911002947337882,-0.052038570159009395,0.3111428992483816,0.15133603418952288
intc,avgo,15.721485081560601,134103.38880606252,104.50715736587547,114.42857142857143,1,0.12126479070463965,-0.04962760027649227,0.31479603391487476,0.12126479070463966
amd,avgo,6.574856883237962,133819.48078203062,85.69047209523727,33.904761904761905,3,0.1263988809951828,-0.06473540738664099,0.44088134214557273,0.26674484430871676
txn,adi,0.9408884496849779,31753.40899891727,6.552974127517085,19.30612244897959,7,0.02131616616781673,-0.07233672590513525,0.6437474527874288,0.1385245042990553
txn,klac,2.076392835713313,71707.68268612526,24.42833816776379,32.333333333333336,3,0.043247599355830536,-0.062197300331494634,0.5558103357859443,0.11674055156636771
txn,lrcx,2.7187922134553157,103724.60836486853,37.99584325384844,30.214285714285715,4,0.13477879525549513,-0.05190037039280535,0.5606816783353736,0.2683867172162635
qcom,txn,1.2879448265293456,38289.06925285849,17.271008520779738,35.642857142857146,2,0.13117907266168957,-0.03934456182115775,0.18457741446263057,0.18170177811680174
intc,txn,4.963716640243721,40465.22245234612,37.8485911934296,110.42857142857143,1,0.17936792949079539,-0.015456322509231357,0.06548411176833588,0.17936792949079539
amd,txn,2.0749880914495393,40365.488654559245,31.50259839882412,90.71428571428571,2,0.1735756617728043,-0.03628508444576157,0.22609775374907756,0.25044702432800364
adi,klac,2.2062931926470957,73024.20457730879,18.252553193068156,18.24489795918367,7,0.0646782306611611,-0.05362105137616364,0.7606651421685338,0.2444720183052358
adi,lrcx,2.891935598351236,105497.84585150238,38.64898629289855,33.607142857142854,4,0.1163727473825579,-0.04402121648572846,0.4707810080556917,0.22704110165864572
qcom,adi,1.2120767755435047,36630.796014542735,17.91213192156695,34.285714285714285,2,0.1140282682617661,-0.059658810448026525,0.09671955425068043,0.16709971124139966
intc,adi,4.679007665991,38715.77949757285,38.019680785905905,110.42857142857143,1,0.17243406906470454,-0.08031047981616136,0.0019878356416466,0.17243406906470454
amd,adi,1.9526997212972763,38584.22972913234,31.004860367661763,90.85714285714286,1,0.1550416777598982,-0.050358892428148734,0.10329920284628448,0.1550416777598982
klac,lrcx,1.3137779509190606,107762.2729189614,45.449006988830966,51.57142857142858,3,0.09098411402320652,-0.04081537801384682,0.3408734457059566,0.1841447904233932
qcom,klac,2.6807096901249787,82569.97467808558,49.86588993545545,39.857142857142854,2,0.09206121861131662,-0.0702890203734431,0.013148567679743971,0.16553097464846006
intc,klac,10.375367403093637,87311.14153814211,93.81501060052165,110.42857142857143,1,0.15995120073764665,-0.06189207097498663,0.023775104072929997,0.15995120073764668
qcom,lrcx,3.4918775930205035,115340.35561897006,35.824654535143864,20.321428571428573,4,0.046811835836105986,-0.0367734248086112,0.5787027723317947,0.14548848607818987
intc,lrcx,13.448895147887908,118029.32424494838,85.31417454291781,91.14285714285714,1,0.09319030490980021,-0.06199231006527786,0.3737235263118085,0.0931903049098002
amat,lrcx,4.380329701826447,115917.56802888017,23.25072642211509,46.523809523809526,3,0.021957812939843925,-0.03023538945843669,0.8767339041260847,0.06129845127361211
amd,lrcx,5.609089099778219,119923.98174453029,59.457259336996415,52.57142857142857,2,0.05665751611333456,-0.057610681392071705,0.666109182652136,0.11309365555694
intc,qcom,3.8438160206252356,33889.54813605402,20.395798575891828,78.14285714285714,1,0.06438322628271048,-0.06136476268379049,0.6506898319609788,0.06438322628271048
amat,qcom,1.263429385296474,33439.360255423824,12.915468857689076,52.214285714285715,2,0.051647704658454446,-0.04095624875341413,0.5048061766014872,0.09083824507622944
amd,qcom,1.6077966659814182,34483.04828434531,14.39618427560133,34.971428571428575,5,0.055682566882478295,-0.07551197665922939,0.8422439666977348,0.22926478342773196
intc,amat,3.0714710083479373,27180.40533658974,18.252674780489606,91.57142857142857,1,0.07147328290314899,-0.055176936924075486,0.44167661865250646,0.07147328290314899
intc,amd,2.3925012077917773,21912.835851805285,8.999761946579406,23.464285714285715,4,0.043103873134790145,-0.05857059149927929,0.7740744390561197,0.16142610354790177
amd,amat,1.2825766077055083,27630.568386943338,13.386959717469116,56.857142857142854,2,0.0572276287674768,-0.035864083441432604,0.6218453441211459,0.10318719693938237
